{
    "rmse": 0.7120864528704984,
    "mae": 0.5563640159354418,
    "r2": 0.2613129388071658
}